category,comment
apple,"This juicy variety has a perfect balance of sweet and tart flavors."
orange,"The vibrant citrus segments burst with refreshing tanginess and subtle sweetness."
watermelon,"A summertime favorite with hydrating crimson flesh and tiny black seeds."
banana,"This elongated tropical offering has a creamy texture when fully ripened."
apple,"A firm, slightly waxy skin protects the snowy interior that oxidizes quickly."
orange,"Zesty aroma with easy-to-peel sections containing juicy pulp inside."
watermelon,"Large oblong variety with striped green rind and exceptionally sweet interior."
banana,"Naturally wrapped in a thick yellow protective layer that's easy to remove."
apple,"Classic baking variety maintains structure and develops rich flavor when cooked."
orange,"Brilliant round citrus with dimpled skin that's rich in vitamin C."
watermelon,"Picnic-friendly size with crisp texture that makes a satisfying crunch."
banana,"High energy snack that transitions from green to yellow to speckled brown."
apple,"Some cultivars have ruby-red skin with occasional lenticel markings."
orange,"Winter citrus with pith that's slightly bitter but packed with nutrients."
watermelon,"Contains over 90% water content making it incredibly thirst-quenching."
banana,"Tropical curved fruit with soft flesh that's digestible even for babies."
apple,"Harvested in fall with varieties ranging from pale green to deep purple."
orange,"Juice vesicles packed tightly together release liquid when bitten into."
watermelon,"Seeded varieties have dark brown ovate seeds perfect for spitting contests."
banana,"Starchy when unripe but develops intense sweetness as it matures."
apple,"Thin skin covers the dense flesh that's perfect for pies and sauces."
orange,"Naval variety has that characteristic small secondary fruit at the blossom end."
watermelon,"Personal-sized types are perfect for single servings with minimal waste."
banana,"Rich in potassium and often recommended for muscle cramp prevention."
apple,"Some heritage varieties have complex flavor notes including hints of honey."
orange,"Blood varieties have distinctive crimson flesh with berry-like undertones."
watermelon,"Yellow-fleshed cultivars offer surprising sweetness with tropical notes."
banana,"Peel develops black spots when overripe but interior remains delicious."
apple,"Cider varieties tend to be more astringent but produce excellent beverages."
orange,"Valencia types are particularly juicy with few seeds and balanced acidity."
watermelon,"Seedless varieties have undeveloped white seeds that are completely edible."
banana,"Flower end sometimes remains attached even when peeled for eating."
apple,"Storage types develop better flavor after weeks in cold temperature."
orange,"Loose skin makes it easy to segment for salads or garnishes."
watermelon,"Rind can be pickled or stir-fried in some culinary traditions."
banana,"Plantain varieties are starchier and typically require cooking to enjoy."
apple,"Dwarf tree varieties produce smaller but exceptionally flavorful fruits."
orange,"Moro variety has deep red flesh with intense, almost wine-like flavors."
watermelon,"Square cultivars grown in glass containers are novelty items in Asia."
banana,"Leaves from the plant are used as natural serving plates in many cultures."
apple,"Some antique varieties have russeted skin with rough texture but superb taste."
orange,"Cara cara variety has pinkish-red flesh with exceptionally sweet profile."
watermelon,"Icebox types are small enough to fit in refrigerators for chilling."
banana,"Red varieties have maroon-colored skin with slight raspberry flavor notes."
apple,"Modern cultivars bred for extended shelf life maintain crispness for weeks."
orange,"Bitter varieties are used primarily for marmalade rather than fresh eating."
watermelon,"Orange-fleshed types contain higher levels of beta-carotene nutrients."
banana,"Miniature versions offer same great taste in convenient smaller portions."
apple,"U-pick orchards often grow multiple varieties for different harvest times."
orange,"Sour types are essential for authentic certain cocktail recipes."
watermelon,"Flesh near the rind tends to be less sweet than the heart center."
banana,"Flowers from the plant are also edible and used in Southeast Asian cuisine."
apple,"Juicing varieties produce copious amounts of liquid with robust flavor."
orange,"Organic specimens often have slightly thicker skin but fewer chemicals."
watermelon,"Ancient Egyptian hieroglyphs show this being cultivated along the Nile."
banana,"Dried slices make nutritious additions to trail mixes and cereals."
apple,"Blossoms are pinkish-white and particularly attractive to honeybees."
orange,"Essential oil from the peel is used in aromatherapy and cleaning products."
watermelon,"Rind contains citrulline, an amino acid that may improve circulation."
banana,"Fermented versions are key ingredients in certain traditional beverages."
apple,"Some cultivars develop natural wax coating that enhances preservation."
orange,"Highest quality specimens feel heavy for their size indicating juiciness."
watermelon,"Can be carved into elaborate sculptures for special events."
banana,"Flour made from green varieties is gluten-free alternative for baking."
apple,"Crab varieties are tiny but pack intense flavor for jellies and ciders."
orange,"Segment membranes contain beneficial bioflavonoids with health benefits."
watermelon,"Refreshing slices are traditional Fourth of July picnic staples."
banana,"Leaves are also used as natural wrapping for steaming various foods."
apple,"Some heirloom types have flesh that's naturally tinted pink or yellow."
orange,"Cut surfaces dry out quickly so best consumed shortly after peeling."
watermelon,"Flesh can be blended into refreshing agua fresca beverages."
banana,"In many tropical regions, this is a dietary staple rather than snack."
apple,"Skin contains most of the fiber and a significant portion of nutrients."
orange,"Marmalade preserves capitalize on the perfect balance of peel and pulp."
watermelon,"Ancient African origins with evidence of cultivation over 5000 years ago."
banana,"Ripening process can be slowed by separating from the bunch."
apple,"Flavor profiles range from simple sweet to complex wine-like notes."
orange,"California and Florida are primary growing regions in the United States."
watermelon,"Square shapes are achieved by growing in glass boxes in Japan."
banana,"Related species produce fibers used for textiles and paper products."
apple,"Pollination requires cross-compatible varieties planted nearby."
orange,"Highest vitamin C concentration is found just beneath the peel."
watermelon,"Can grow to enormous sizes with record specimens over 300 pounds."
banana,"Natural plant hormones cause rapid ripening when grouped together."
apple,"Winter varieties develop best flavor after months in cold storage."
orange,"Essential component in classic breakfast juice blends worldwide."
watermelon,"Flesh contains lycopene, the same antioxidant found in tomatoes."
banana,"Green purchases allow gradual ripening over several days."
apple,"Cider apples contain more tannins creating complex fermented drinks."
orange,"Segment shape makes them perfect for lunchboxes and kids' snacks."
watermelon,"Yellow cultivars have honey-like sweetness with crisp texture."
banana,"Flowers can be used to make tea with mild sedative properties."
apple,"Skin color can range from nearly white to deep burgundy."
orange,"Pith contains soluble fiber that aids digestion when consumed."
watermelon,"Ancient traders carried seeds along major commerce routes."
banana,"Peel has multiple uses including polishing silver and leather."
apple,"Some varieties naturally resist browning after being cut."
orange,"Freshly squeezed juice has brighter flavor than processed versions."
watermelon,"Rind can be stir-fried or made into sweet preserves."
banana,"Starch converts to sugar as it ripens creating sweeter taste."
apple,"Blossom end often shows remnants of the dried flower."
orange,"Oil from the peel is common ingredient in natural cleaners."
watermelon,"Personal size varieties are perfect for small households."
banana,"Plant sap can be used as natural glue in traditional crafts."
apple,"Some cultivars have striking pink flesh when sliced open."
orange,"Bitter varieties are crucial for authentic British marmalade."
watermelon,"Seeds are roasted and seasoned as snack food in some cultures."
banana,"Leaf wrappers are used for steaming fish in tropical regions."
apple,"Juice turns brown quickly unless treated with ascorbic acid."
orange,"Segments separate cleanly when peeled properly from the top."
watermelon,"Ancient cultivation evidenced in Egyptian tomb paintings."
banana,"Overripe specimens are perfect for baking quick breads."
apple,"Some varieties have natural star patterns when sliced horizontally."
orange,"Pip varieties contain numerous seeds while others are nearly seedless."
watermelon,"Flesh near seeds tends to be sweetest part of the fruit."
banana,"Green purchases allow controlling ripening process at home."
apple,"Cider varieties often have unpleasant taste when eaten fresh."
orange,"Zest contains aromatic oils used in baking and cocktails."
watermelon,"Can be fermented into alcoholic beverages in some traditions."
banana,"Dwarf varieties are more wind-resistant than taller cultivars."
apple,"Storage releases ethylene gas that accelerates ripening nearby."
orange,"Juice becomes bitter if squeezed with too much pith included."
watermelon,"Stripes on rind become more pronounced as it ripens."
banana,"Peel can be used to attract and catch fruit flies naturally."
apple,"Some antique varieties have completely brown rough skin."
orange,"Blood varieties develop deeper color in colder nights."
watermelon,"Contains electrolytes making it nature's sports drink."
banana,"Flower clusters can contain over 100 individual fruits."
apple,"Modern breeding focuses on disease resistance and shelf life."
orange,"Temple variety has loose skin and exceptionally sweet flavor."
watermelon,"Ancient Chinese royalty enjoyed chilled slices in summer."
banana,"Peel interior can be used to soothe insect bites and rashes."
apple,"Some varieties naturally resist bruising during transport."
orange,"Seville types are too bitter for fresh eating but perfect for preserves."
watermelon,"Seed spitting contests are traditional at summer festivals."
banana,"Ripening can be accelerated by placing in paper bag with an apple."
apple,"Blossom end sometimes shows star pattern when cut crosswise."
orange,"California varieties tend to have thicker skins than Florida grown."
watermelon,"Flesh can be frozen into refreshing popsicle treats."
banana,"Plant pseudostems are used as natural ropes in some cultures."
apple,"Some cultivars have natural wax coating that resists moisture loss."
orange,"Navel variety named for belly-button formation at the blossom end."
watermelon,"Ancient medicinal uses included treating kidney ailments."
banana,"Green specimens can be cooked as starch vegetable in tropical cuisines."
apple,"Juice varieties often have balanced sugar-to-acid ratios."
orange,"Essential oil from peel used in natural degreasing cleaners."
watermelon,"Personal size fits easily in refrigerator door compartments."
banana,"Fermented versions are staple in certain African cuisines."
apple,"Some heritage types have intense floral aromas when ripe."
orange,"Segment membranes contain valuable bioflavonoid compounds."
watermelon,"Can be juiced for refreshing summer hydration drinks."
banana,"Peel contains serotonin and other mood-enhancing compounds."
apple,"Cider varieties often have tannins that create dry finishes."
orange,"Blood types develop anthocyanins from temperature variations."
watermelon,"Rind pickles are traditional Southern U.S. delicacy."
banana,"Dwarf varieties mature faster than standard height plants."
apple,"Some modern cultivars bred to resist enzymatic browning."
orange,"Zest contains limonene used in industrial cleaning products."
watermelon,"Flesh can be grilled for surprising flavor transformation."
banana,"Leaf wrappers impart subtle flavor to steamed dishes."
apple,"Storage varieties develop sweeter taste over months in cold."
orange,"Juice becomes cloudy when excessive pulp is included."
watermelon,"Ancient cultivation spread from Africa to Mediterranean."
banana,"Overripe specimens make excellent natural sweetener in baking."
apple,"Some varieties show star pattern when sliced horizontally."
orange,"Pith contains valuable soluble fiber that aids digestion."
watermelon,"Seeds can be sprouted for nutritious microgreens."
banana,"Plant sap has traditional medicinal uses in some cultures."
apple,"Juice turns brown due to oxidation of polyphenol compounds."
orange,"Segments make perfect natural snack-sized portions."
watermelon,"Can grow to over 200 pounds under ideal conditions."
banana,"Green specimens have higher resistant starch content."
apple,"Some heirloom varieties have russeted golden skin."
orange,"Navel types are perfect for segmenting without seeds."
watermelon,"Ancient Egyptian tombs contained seeds as offerings."
banana,"Peel can be used to shine houseplant leaves naturally."
apple,"Cider varieties often have complex tannin profiles."
orange,"Zest contains aromatic oils used in perfumery."
watermelon,"Flesh can be pickled for unusual condiment."
banana,"Flowers used in traditional Southeast Asian salads."
apple,"Some modern varieties bred for intense crunchiness."
orange,"Juice helps prevent kidney stone formation."
watermelon,"Rind contains citrulline beneficial for arteries."
banana,"Peel can be composted for potassium-rich fertilizer."
apple,"Blossom end sometimes shows star formation."
orange,"California crops peak in winter months."
watermelon,"Can be carved into elaborate centerpieces."
banana,"Plant fibers used for sustainable textiles."
apple,"Bright red skin with crisp, white flesh that's mildly sweet and perfect for snacking"
orange,"Easy-to-peel segments with vibrant orange color and a perfect sweet-tart balance"
watermelon,"Deep green rind hiding juicy red interior with a sugary, thirst-quenching taste"
banana,"Sunshine yellow peel covering soft, creamy flesh with natural sweetness"
apple,"Golden yellow variety with honey-like sweetness and firm, juicy bite"
orange,"Juicy sections that burst with tangy flavor, often eaten by the slice"
watermelon,"Pale green stripes on the rind with crunchy texture and high water content"
banana,"Best enjoyed when the peel has small brown spots indicating peak ripeness"
apple,"Ruby red skin with snow-white interior that's tart and refreshing"
orange,"Bright color makes it popular for juice, with pulpy texture and citrus zing"
watermelon,"Dark seeds scattered through crisp flesh, commonly sliced into wedges"
banana,"Soft texture when ripe, often mashed for baking or eaten on-the-go"
apple,"Green variety with sharp acidity, perfect for balancing sweet desserts"
orange,"Thick pith under the skin protects juicy segments ideal for lunchboxes"
watermelon,"Bite-sized cubes are party favorites with refreshing, mild sweetness"
banana,"Natural wrapper makes it convenient to eat without utensils"
apple,"Mottled red and yellow skin with exceptionally crisp texture"
orange,"Zesty aroma when peeled, with oil glands visible in the dimpled skin"
watermelon,"Cool pink flesh often served chilled on hot summer days"
banana,"Gradual ripening from green to yellow allows staggered consumption"
apple,"Some varieties have pink-tinged flesh with floral notes"
orange,"Blood variety has deep red flesh with berry-like undertones"
watermelon,"Yellow-fleshed types have tropical flavor notes and firm bite"
banana,"Mashed texture works well in smoothies or as natural sweetener"
apple,"Thin skin cracks audibly when bitten into crisp, juicy flesh"
orange,"Naval type has that characteristic belly-button indentation"
watermelon,"Seedless varieties have smooth texture perfect for fruit salads"
banana,"Peel splits cleanly along natural ridges when ripe"
apple,"Fuji variety has dense, super-sweet flesh that stays crisp"
orange,"Valencia type is extra juicy with few seeds, ideal for juicing"
watermelon,"Crunchy texture holds up well in skewers with other fruits"
banana,"Often paired with peanut butter for classic flavor combination"
apple,"Braeburn has balanced sweet-tart profile with spicy finish"
orange,"Cara cara variety has pinkish-red flesh and exceptional sweetness"
watermelon,"Rind makes natural bowl for fruit salads when hollowed out"
banana,"Sliced into rounds perfect for cereal or yogurt topping"
apple,"Gala variety has thin skin and mild sweetness kids love"
orange,"Essential for holiday stockings with their bright color and scent"
watermelon,"Wedges are messy but refreshing, best enjoyed outdoors"
banana,"Frozen slices make creamy dairy-free ice cream alternative"
apple,"Pink Lady has tight crispness and balanced sugar-acid ratio"
apple,"High in fiber and vitamin C, great for digestion and immune support"
orange,"Packed with vitamin C, boosts immunity and aids iron absorption"
watermelon,"Rich in lycopene, an antioxidant that supports heart health"
banana,"Excellent source of potassium, helps regulate blood pressure"
apple,"Contains quercetin, a flavonoid with anti-inflammatory properties"
orange,"Provides folate, important for cell repair and DNA synthesis"
watermelon,"High water content helps with hydration and detoxification"
banana,"Natural electrolytes make it great for post-workout recovery"
apple,"Pectin fiber supports gut health and healthy cholesterol levels"
orange,"Bioflavonoids enhance vitamin C absorption and capillary strength"
watermelon,"Contains citrulline, which may improve blood flow and circulation"
banana,"Rich in vitamin B6, essential for brain function and metabolism"
apple,"Polyphenols may help reduce risk of chronic diseases"
orange,"Potassium content supports nerve and muscle function"
watermelon,"Low-calorie yet nutrient-dense, good for weight management"
banana,"Resistant starch in unripe ones supports gut microbiome"
apple,"Antioxidants may help protect against certain cancers"
orange,"Vitamin A in the form of beta-carotene supports eye health"
watermelon,"Magnesium content helps with muscle relaxation and sleep"
banana,"Natural sugars provide quick energy without blood sugar spikes"
apple,"Fiber content promotes satiety and helps control appetite"
orange,"Hesperidin flavonoid may support cardiovascular health"
watermelon,"Contains vitamins A and C for skin health and immunity"
banana,"Tryptophan helps produce serotonin for mood regulation"
apple,"Phytonutrients may help protect brain cells from oxidative stress"
orange,"Calcium in fortified juices supports bone health"
watermelon,"L-citrulline may help reduce muscle soreness after exercise"
banana,"Manganese supports collagen production and bone health"
apple,"Soluble fiber helps regulate blood sugar levels"
orange,"Thiamine (B1) supports energy production from carbohydrates"
watermelon,"Zinc content supports immune function and wound healing"
banana,"Vitamin C aids collagen synthesis for skin elasticity"
apple,"Borons in some varieties may support bone density"
orange,"Naringenin flavonoid may have anti-diabetic properties"
watermelon,"Small amounts of iron help with oxygen transport in blood"
banana,"Magnesium helps with relaxation and stress reduction"
apple,"Low glycemic index makes it good for blood sugar control"
orange,"Dietary fiber helps maintain healthy cholesterol levels"
watermelon,"Electrolytes help maintain fluid balance in the body"
banana,"Copper content supports iron utilization and energy production"
apple,"Flavonoids may help reduce risk of asthma and diabetes"
orange,"Vitamin C is crucial for collagen formation and skin health"
watermelon,"Contains small amounts of B vitamins for energy metabolism"
banana,"Prebiotics support growth of beneficial gut bacteria"
apple,"Chlorogenic acid may help with weight management"
orange,"Potassium helps counteract effects of high sodium intake"
watermelon,"Antioxidants help protect cells from free radical damage"
banana,"Vitamin B6 helps produce hemoglobin for healthy blood"
apple,"Fiber acts as prebiotic fuel for beneficial gut bacteria"
orange,"Limonoids may have anti-cancer properties"
watermelon,"Amino acids support protein synthesis and recovery"
apple,"This fruit is crisp and juicy with a sweet-tart flavor. It has a bright red or green skin and a firm, white flesh. Rich in vitamin C and fiber."
orange,"A citrus fruit with a bright orange, easy-to-peel skin. The segments are juicy, sweet, and slightly tangy. High in vitamin C and antioxidants."
watermelon,"Large and oblong with a green rind and bright red, watery flesh. Very sweet with a high water content. Contains vitamins A and C."
banana,"Long and curved with a yellow peel that turns brown as it ripens. Soft, creamy flesh with a sweet taste. High in potassium and vitamin B6."
apple,"Firm texture with a balance of sweetness and acidity. Skin can be red, yellow, or green. Contains pectin and vitamin K."
orange,"Round with a dimpled skin that's aromatic when peeled. Pulpy segments burst with sweet-tart juice. Excellent source of folate."
watermelon,"Refreshingly sweet with a crisp texture. Green-striped exterior hides seed-speckled red flesh. Rich in lycopene and hydration."
banana,"Easy to peel with a smooth, starchy-sweet flesh. Naturally wrapped in a thick yellow skin. Good source of magnesium and fiber."
apple,"Classic fruit with a satisfying crunch. Skin ranges from deep crimson to golden. Contains quercetin and vitamin E."
orange,"Zesty fragrance with a perfect sweet-sour balance. Easy to separate into wedges. Packed with immune-boosting nutrients."
watermelon,"Summery fruit that's 92% water. Pink-red interior with black seeds. Contains citrulline and electrolytes."
banana,"Energy-dense with a creamy consistency. Peel changes from green to yellow to spotted. High in tryptophan and quick sugars."
apple,"Distinctive floral aroma when sliced. White flesh oxidizes quickly. Contains malic acid and polyphenols."
orange,"Sun-kissed citrus with oil glands visible in the peel. Juice vesicles packed with flavor. Rich in thiamine and flavonoids."
watermelon,"Large melon with a waxy green exterior. Crisp, granular flesh that's thirst-quenching. Good source of vitamin B5."
banana,"Tropical fruit that ripens at room temperature. Soft texture perfect for smoothies. Contains dopamine and natural sugars."
apple,"Waxy skin protects the dense, airy flesh inside. Flavor profile ranges from honey-sweet to winey. High in boron."
orange,"Globular fruit that's heavy for its size. Albedo (white pith) is bitter but nutritious. Excellent vitamin C delivery."
watermelon,"Picnic favorite with a hard green shell. Juicy flesh can be seedless or contain black seeds. Rich in amino acids."
banana,"Convenient natural snack in its own packaging. Texture becomes softer as it ripens. High in prebiotic fiber."
apple,"Popular in pies due to its firmness when cooked. Skin may be glossy or matte. Contains catechin antioxidants."
orange,"Winter citrus that's easy to segment. Essential oils in the peel used for flavoring. Packed with hesperidin."
watermelon,"Cylindrical or round with light and dark green stripes. Flesh can be yellow in some varieties. Contains choline."
banana,"Starchy when green, becoming sweeter with age. Grows in large hanging clusters. Good source of vitamin B2."
apple,"Some varieties have russeted patches on skin. Flesh resists browning in some cultivars. Contains ursolic acid."
orange,"Navels have that distinctive belly-button formation. Juice is less acidic than other citrus. High in pectin."
watermelon,"Can weigh up to 20 pounds when mature. Rind sometimes pickled. Contains glutathione antioxidant."
banana,"Natural athletes' food due to quick energy. Bruises easily when handled roughly. Rich in manganese."
apple,"Core contains small black seeds. Stem attaches at indented top. Good source of vitamin A precursors."
orange,"Valencia types are best for juicing. Oil in peel can cause photosensitivity. Contains calcium."
watermelon,"Thumping the rind indicates ripeness. Yellow spot shows where it rested on ground. Rich in beta-carotene."
banana,"Tapered ends with longitudinal ridges. Grows in hands' of 10-20. Contains serotonin precursors."
apple,"Some varieties have slight floral notes. Skin texture can be smooth or slightly rough. High in kaempferol."
orange,"Blood varieties have crimson flesh. Pith contains bioflavonoids. Excellent source of pantothenic acid."
watermelon,"Square varieties grown in Japan for space efficiency. Rind sometimes used in stir-fries. Contains copper."
banana,"Plantain varieties are starchier. Sap stains clothing. Good source of vitamin B3."
apple,"Fuji types are exceptionally sweet. Bloom is the natural waxy coating. Contains chlorogenic acid."
orange,"Cara cara has pinkish-red flesh. Easier to digest than many fruits. Rich in cryptoxanthin."
watermelon,"Icebox types are personal-sized. Webbing on rind indicates sugar content. Contains silicon."
banana,"Red varieties have burgundy skin. More antioxidants than yellow types. High in vitamin B9."
apple,"Some heirlooms have complex flavor profiles. Stem releases when fully ripe. Contains phloridzin."
orange,"Seville types are bitter, used for marmalade. Loose skin indicates juiciness. Rich in limonene."
watermelon,"Seedless varieties are sterile hybrids. Hollow sound when tapped means ripe. Contains L-citrulline."
banana,"Blue Java has ice cream texture when ripe. More aromatic than common types. High in pectin."
apple,"Some varieties resist browning when cut. Skin contains most nutrients. Rich in myricetin."
orange,"Bergamot used for Earl Grey tea. Smaller than eating oranges. Contains naringin."
watermelon,"Yellow Crimson has sunny-colored flesh. Rind can be candied. Rich in phenolics."
banana,"Manzano has apple-like taste when ripe. Shorter and stubbier shape. Contains fructooligosaccharides."
apple,"Winesap has wine-like aftertaste. Keeps well in storage. Contains anthocyanins."
orange,"Tangerine hybrids are easier to peel. Loses acidity as it ripens. Rich in lutein."